insert into students (student_id, first_name, last_name, student_section) values (1, 'Chantal', 'Elph', 2.4);
insert into students (student_id, first_name, last_name, student_section) values (2, 'Brock', 'Curzon', 2.4);
insert into students (student_id, first_name, last_name, student_section) values (3, 'Meredeth', 'Popple', 2.3);
insert into students (student_id, first_name, last_name, student_section) values (4, 'Auroora', 'Londsdale', 2.4);
insert into students (student_id, first_name, last_name, student_section) values (5, 'Germaine', 'Wasson', 2.3);
insert into students (student_id, first_name, last_name, student_section) values (6, 'Marna', 'Moxsom', 2.4);
insert into students (student_id, first_name, last_name, student_section) values (7, 'Dareen', 'Camosso', 2.3);
insert into students (student_id, first_name, last_name, student_section) values (8, 'Ralph', 'O''Shevlan', 2.4);
insert into students (student_id, first_name, last_name, student_section) values (9, 'Arther', 'McGinlay', 2.3);
insert into students (student_id, first_name, last_name, student_section) values (10, 'Letta', 'De Malchar', 2.3);
insert into students (student_id, first_name, last_name, student_section) values (11, 'Vallie', 'Tester', 2.3);
insert into students (student_id, first_name, last_name, student_section) values (12, 'Corene', 'Blowne', 2.3);
insert into students (student_id, first_name, last_name, student_section) values (13, 'Angelico', 'Wakeling', 2.4);
insert into students (student_id, first_name, last_name, student_section) values (14, 'Sean', 'Yarrall', 2.4);
insert into students (student_id, first_name, last_name, student_section) values (15, 'Ruggiero', 'Jefferd', 2.4);
insert into students (student_id, first_name, last_name, student_section) values (16, 'Elyse', 'Ragdale', 2.3);
insert into students (student_id, first_name, last_name, student_section) values (17, 'Irwinn', 'Connell', 2.3);
insert into students (student_id, first_name, last_name, student_section) values (18, 'Noelle', 'Rutt', 2.4);
insert into students (student_id, first_name, last_name, student_section) values (19, 'Vevay', 'Duffer', 2.4);
insert into students (student_id, first_name, last_name, student_section) values (20, 'Clayborne', 'Downham', 2.4);
insert into students (student_id, first_name, last_name, student_section) values (21, 'Tris', 'Grisbrook', 2.3);
insert into students (student_id, first_name, last_name, student_section) values (22, 'Flore', 'Bogey', 2.4);
insert into students (student_id, first_name, last_name, student_section) values (23, 'Rhea', 'Schultz', 2.4);
insert into students (student_id, first_name, last_name, student_section) values (24, 'Nefen', 'Montgomery', 2.3);
insert into students (student_id, first_name, last_name, student_section) values (25, 'Skyler', 'Maskall', 2.4);
insert into students (student_id, first_name, last_name, student_section) values (26, 'Francisca', 'Sewill', 2.3);
insert into students (student_id, first_name, last_name, student_section) values (27, 'Traver', 'Cowndley', 2.3);
insert into students (student_id, first_name, last_name, student_section) values (28, 'Cece', 'Spataro', 2.4);
insert into students (student_id, first_name, last_name, student_section) values (29, 'Avril', 'Rathke', 2.4);
insert into students (student_id, first_name, last_name, student_section) values (30, 'Lennie', 'Gatsby', 2.4);
insert into students (student_id, first_name, last_name, student_section) values (31, 'Esmaria', 'Eake', 2.4);
insert into students (student_id, first_name, last_name, student_section) values (32, 'Moselle', 'Vida', 2.3);
insert into students (student_id, first_name, last_name, student_section) values (33, 'Daloris', 'Rowberry', 2.3);
insert into students (student_id, first_name, last_name, student_section) values (34, 'Nathanil', 'Pelosi', 2.4);
insert into students (student_id, first_name, last_name, student_section) values (35, 'Fergus', 'Cox', 2.4);
insert into students (student_id, first_name, last_name, student_section) values (36, 'Wittie', 'Griffitt', 2.4);
insert into students (student_id, first_name, last_name, student_section) values (37, 'Xylia', 'Santino', 2.4);
insert into students (student_id, first_name, last_name, student_section) values (38, 'Anatole', 'Zanetto', 2.3);
insert into students (student_id, first_name, last_name, student_section) values (39, 'Hilary', 'Scampion', 2.3);
insert into students (student_id, first_name, last_name, student_section) values (40, 'Rollins', 'Kelner', 2.3);
insert into students (student_id, first_name, last_name, student_section) values (41, 'Zak', 'Critchlow', 2.3);
insert into students (student_id, first_name, last_name, student_section) values (42, 'Dulciana', 'Northage', 2.3);
insert into students (student_id, first_name, last_name, student_section) values (43, 'Thebault', 'Dunmuir', 2.4);
insert into students (student_id, first_name, last_name, student_section) values (44, 'Dorice', 'Johnston', 2.4);
insert into students (student_id, first_name, last_name, student_section) values (45, 'Lira', 'Pyrah', 2.3);
insert into students (student_id, first_name, last_name, student_section) values (46, 'Torrance', 'Hanham', 2.3);
insert into students (student_id, first_name, last_name, student_section) values (47, 'Christoforo', 'Fontel', 2.4);
insert into students (student_id, first_name, last_name, student_section) values (48, 'Caddric', 'Perview', 2.4);
insert into students (student_id, first_name, last_name, student_section) values (49, 'Monty', 'Toller', 2.4);
insert into students (student_id, first_name, last_name, student_section) values (50, 'Heddie', 'Gammage', 2.4);

insert into teachers (teacher_id, full_name, subject) values (1, 'Juliane Jerrems', 'Database');
insert into teachers (teacher_id, full_name, subject) values (2, 'Brittney Duncombe', 'Comprog');

insert into classes (class_id, class_name, teacher_id) values (1, 'Database', 1);
insert into classes (class_id, class_name, teacher_id) values (2, 'Comprog', 2);

insert into attendance (attendance_id, student_id, class_id, attendance_date, status) values (1, 1, 1, '2025-10-05', 'absent');
insert into attendance (attendance_id, student_id, class_id, attendance_date, status) values (2, 2, 1, '2025-02-04', 'absent');
insert into attendance (attendance_id, student_id, class_id, attendance_date, status) values (3, 3, 1, '2025-11-20', 'absent');
insert into attendance (attendance_id, student_id, class_id, attendance_date, status) values (4, 4, 2, '2025-03-13', 'Present');
insert into attendance (attendance_id, student_id, class_id, attendance_date, status) values (5, 5, 2, '2025-10-17', 'absent');
insert into attendance (attendance_id, student_id, class_id, attendance_date, status) values (6, 6, 2, '2025-02-01', 'Present');
insert into attendance (attendance_id, student_id, class_id, attendance_date, status) values (7, 7, 2, '2025-07-08', 'Present');
insert into attendance (attendance_id, student_id, class_id, attendance_date, status) values (8, 8, 2, '2025-06-26', 'absent');
insert into attendance (attendance_id, student_id, class_id, attendance_date, status) values (9, 9, 1, '2025-02-02', 'Present');
insert into attendance (attendance_id, student_id, class_id, attendance_date, status) values (10, 10, 2, '2025-01-31', 'absent');
insert into attendance (attendance_id, student_id, class_id, attendance_date, status) values (11, 11, 2, '2025-08-23', 'absent');
insert into attendance (attendance_id, student_id, class_id, attendance_date, status) values (12, 12, 2, '2025-03-29', 'late');
insert into attendance (attendance_id, student_id, class_id, attendance_date, status) values (13, 13, 1, '2025-10-06', 'late');
insert into attendance (attendance_id, student_id, class_id, attendance_date, status) values (14, 14, 1, '2025-02-10', 'Present');
insert into attendance (attendance_id, student_id, class_id, attendance_date, status) values (15, 15, 2, '2025-05-14', 'Present');
insert into attendance (attendance_id, student_id, class_id, attendance_date, status) values (16, 16, 2, '2025-01-04', 'Present');
insert into attendance (attendance_id, student_id, class_id, attendance_date, status) values (17, 17, 2, '2025-10-30', 'late');
insert into attendance (attendance_id, student_id, class_id, attendance_date, status) values (18, 18, 1, '2025-09-06', 'late');
insert into attendance (attendance_id, student_id, class_id, attendance_date, status) values (19, 19, 2, '2025-01-28', 'Present');
insert into attendance (attendance_id, student_id, class_id, attendance_date, status) values (20, 20, 1, '2025-01-08', 'Present');
insert into attendance (attendance_id, student_id, class_id, attendance_date, status) values (21, 21, 2, '2025-10-31', 'late');
insert into attendance (attendance_id, student_id, class_id, attendance_date, status) values (22, 22, 1, '2025-05-24', 'Present');
insert into attendance (attendance_id, student_id, class_id, attendance_date, status) values (23, 23, 1, '2025-01-18', 'late');
insert into attendance (attendance_id, student_id, class_id, attendance_date, status) values (24, 24, 2, '2025-10-19', 'late');
insert into attendance (attendance_id, student_id, class_id, attendance_date, status) values (25, 25, 2, '2025-05-22', 'late');
insert into attendance (attendance_id, student_id, class_id, attendance_date, status) values (26, 26, 2, '2025-03-13', 'absent');
insert into attendance (attendance_id, student_id, class_id, attendance_date, status) values (27, 27, 1, '2025-08-24', 'Present');
insert into attendance (attendance_id, student_id, class_id, attendance_date, status) values (28, 28, 1, '2025-08-31', 'Present');
insert into attendance (attendance_id, student_id, class_id, attendance_date, status) values (29, 29, 2, '2025-03-19', 'absent');
insert into attendance (attendance_id, student_id, class_id, attendance_date, status) values (30, 30, 1, '2025-01-12', 'late');
insert into attendance (attendance_id, student_id, class_id, attendance_date, status) values (31, 31, 1, '2025-10-03', 'late');
insert into attendance (attendance_id, student_id, class_id, attendance_date, status) values (32, 32, 1, '2025-05-02', 'absent');
insert into attendance (attendance_id, student_id, class_id, attendance_date, status) values (33, 33, 2, '2025-02-08', 'Present');
insert into attendance (attendance_id, student_id, class_id, attendance_date, status) values (34, 34, 1, '2025-06-01', 'absent');
insert into attendance (attendance_id, student_id, class_id, attendance_date, status) values (35, 35, 1, '2025-08-20', 'late');
insert into attendance (attendance_id, student_id, class_id, attendance_date, status) values (36, 36, 1, '2025-02-12', 'late');
insert into attendance (attendance_id, student_id, class_id, attendance_date, status) values (37, 37, 1, '2025-02-08', 'absent');
insert into attendance (attendance_id, student_id, class_id, attendance_date, status) values (38, 38, 2, '2025-07-09', 'absent');
insert into attendance (attendance_id, student_id, class_id, attendance_date, status) values (39, 39, 2, '2025-05-11', 'late');
insert into attendance (attendance_id, student_id, class_id, attendance_date, status) values (40, 40, 1, '2025-04-03', 'absent');
insert into attendance (attendance_id, student_id, class_id, attendance_date, status) values (41, 41, 2, '2025-04-26', 'absent');
insert into attendance (attendance_id, student_id, class_id, attendance_date, status) values (42, 42, 1, '2024-12-31', 'absent');
insert into attendance (attendance_id, student_id, class_id, attendance_date, status) values (43, 43, 2, '2025-07-16', 'late');
insert into attendance (attendance_id, student_id, class_id, attendance_date, status) values (44, 44, 1, '2025-04-23', 'Present');
insert into attendance (attendance_id, student_id, class_id, attendance_date, status) values (45, 45, 2, '2024-12-10', 'absent');
insert into attendance (attendance_id, student_id, class_id, attendance_date, status) values (46, 46, 1, '2025-10-14', 'absent');
insert into attendance (attendance_id, student_id, class_id, attendance_date, status) values (47, 47, 2, '2025-09-27', 'Present');
insert into attendance (attendance_id, student_id, class_id, attendance_date, status) values (48, 48, 2, '2025-01-18', 'absent');
insert into attendance (attendance_id, student_id, class_id, attendance_date, status) values (49, 49, 1, '2025-10-27', 'late');
insert into attendance (attendance_id, student_id, class_id, attendance_date, status) values (50, 50, 1, '2025-06-22', 'Present');
